parkingDuration,tripDuration,ratio,Trip,tripFrom,tripTo,begin,end,mileage,tripDurationHour,parkingDurationHour,avgSpeed,maxSpeed,consumed,avgConsumed,timestampBegin,timestampEnd,datetimeBegin,datetimeEnd,xBegin,xEnd,yBegin,yEnd,nm
149.45,155.7,0.15,Refineria Cajamarquilla - Mina Cerro Lindo,Refineria Cajamarquilla,Mina Cerro Lindo,"{'t': '21 Apr 2022 12:22:33', 'v': 1650561753, 'y': -11.9710366667, 'x': -76.883095}","{'t': '28 Apr 2022 00:04:18', 'v': 1651122258, 'y': -13.0939466667, 'x': -75.9888383333}",276.0,6 days 11:41:45,6 days 5:26:47,2.0,80.0,22.79,12.13,1650561753,1651122258,2022-04-21 12:22:33,2022-04-28 00:04:18,-76.883095,-75.9888383333,-11.9710366667,-13.0939466667,BBA-880
4.52,11.59,0.35,Refineria Cajamarquilla - Mina Cerro Lindo,Refineria Cajamarquilla,Mina Cerro Lindo,"{'t': '03 May 2022 10:01:18', 'v': 1651590078, 'y': -11.9712833333, 'x': -76.8833466667}","{'t': '03 May 2022 21:36:40', 'v': 1651631800, 'y': -13.0938933333, 'x': -75.9887616667}",290.0,11:35:22,4:31:19,25.0,87.0,59.0,4.91,1651590078,1651631800,2022-05-03 10:01:18,2022-05-03 21:36:40,-76.8833466667,-75.9887616667,-11.9712833333,-13.0938933333,BBA-880
27.61,33.9,0.2,Impala Terminals - Mina Cerro Lindo,Impala Terminals,Mina Cerro Lindo,"{'t': '05 May 2022 11:20:06', 'v': 1651767606, 'y': -12.044455, 'x': -77.128715}","{'t': '06 May 2022 21:13:49', 'v': 1651889629, 'y': -13.0939, 'x': -75.988755}",278.0,1 days 9:53:43,1 days 3:36:44,8.0,87.0,30.15,9.23,1651767606,1651889629,2022-05-05 11:20:06,2022-05-06 21:13:49,-77.128715,-75.988755,-12.044455,-13.0939,BBA-880
3.51,9.45,0.21,Impala Terminals - Mina Cerro Lindo,Impala Terminals,Mina Cerro Lindo,"{'t': '07 May 2022 12:41:22', 'v': 1651945282, 'y': -12.0428516667, 'x': -77.127785}","{'t': '07 May 2022 22:08:10', 'v': 1651979290, 'y': -13.093895, 'x': -75.9885183333}",278.0,9:26:48,3:30:35,29.0,86.0,29.5,9.43,1651945282,1651979290,2022-05-07 12:41:22,2022-05-07 22:08:10,-77.127785,-75.9885183333,-12.0428516667,-13.093895,BBA-880
5.15,10.8,0.21,Refineria Cajamarquilla - Mina Cerro Lindo,Refineria Cajamarquilla,Mina Cerro Lindo,"{'t': '08 May 2022 10:51:36', 'v': 1652025096, 'y': -11.9712783333, 'x': -76.8833233333}","{'t': '08 May 2022 21:39:30', 'v': 1652063970, 'y': -13.0939416667, 'x': -75.988785}",279.0,10:47:54,5:08:46,26.0,85.0,28.36,9.83,1652025096,1652063970,2022-05-08 10:51:36,2022-05-08 21:39:30,-76.8833233333,-75.988785,-11.9712783333,-13.0939416667,BBA-880
21.12,27.08,0.18,Impala Terminals - Mina Cerro Lindo,Impala Terminals,Mina Cerro Lindo,"{'t': '12 Feb 2022 18:12:46', 'v': 1644707566, 'y': -12.0419283333, 'x': -77.1278533333}","{'t': '13 Feb 2022 21:17:37', 'v': 1644805057, 'y': -13.0939016667, 'x': -75.9885483333}",278.0,1 days 3:04:51,21:07:13,10.0,83.0,26.05,10.68,1644707566,1644805057,2022-02-12 18:12:46,2022-02-13 21:17:37,-77.1278533333,-75.9885483333,-12.0419283333,-13.0939016667,BBB-850
5.29,12.56,0.33,Refineria Cajamarquilla - Mina Cerro Lindo,Refineria Cajamarquilla,Mina Cerro Lindo,"{'t': '14 Feb 2022 08:38:57', 'v': 1644845937, 'y': -11.97119, 'x': -76.883255}","{'t': '14 Feb 2022 21:12:22', 'v': 1644891142, 'y': -13.0939033333, 'x': -75.9888083333}",286.0,12:33:25,5:17:09,23.0,87.0,58.0,4.93,1644845937,1644891142,2022-02-14 08:38:57,2022-02-14 21:12:22,-76.883255,-75.9888083333,-11.97119,-13.0939033333,BBB-850
5.09,11.52,0.28,Refineria Cajamarquilla - Mina Cerro Lindo,Refineria Cajamarquilla,Mina Cerro Lindo,"{'t': '15 Feb 2022 09:35:00', 'v': 1644935700, 'y': -11.9712566667, 'x': -76.8833383333}","{'t': '15 Feb 2022 21:06:12', 'v': 1644977172, 'y': -13.0938433333, 'x': -75.988465}",283.0,11:31:12,5:05:09,25.0,88.0,43.46,6.51,1644935700,1644977172,2022-02-15 09:35:00,2022-02-15 21:06:12,-76.8833383333,-75.988465,-11.9712566667,-13.0938433333,BBB-850
5.17,11.59,0.16,Refineria Cajamarquilla - Mina Cerro Lindo,Refineria Cajamarquilla,Mina Cerro Lindo,"{'t': '16 Feb 2022 09:21:56', 'v': 1645021316, 'y': -11.9712683333, 'x': -76.8833766667}","{'t': '16 Feb 2022 20:57:04', 'v': 1645063024, 'y': -13.0939016667, 'x': -75.98864}",278.0,11:35:08,5:10:23,24.0,82.0,25.2,11.02,1645021316,1645063024,2022-02-16 09:21:56,2022-02-16 20:57:04,-76.8833766667,-75.98864,-11.9712683333,-13.0939016667,BBB-850
5.5,11.57,0.18,Refineria Cajamarquilla - Mina Cerro Lindo,Refineria Cajamarquilla,Mina Cerro Lindo,"{'t': '17 Feb 2022 09:10:39', 'v': 1645107039, 'y': -11.97096, 'x': -76.8830416667}","{'t': '17 Feb 2022 20:45:07', 'v': 1645148707, 'y': -13.094075, 'x': -75.988395}",277.0,11:34:28,5:30:08,24.0,82.0,26.05,10.62,1645107039,1645148707,2022-02-17 09:10:39,2022-02-17 20:45:07,-76.8830416667,-75.988395,-11.97096,-13.094075,BBB-850
4.82,12.12,0.35,Refineria Cajamarquilla - Mina Cerro Lindo,Refineria Cajamarquilla,Mina Cerro Lindo,"{'t': '18 Feb 2022 09:52:09', 'v': 1645195929, 'y': -11.9708683333, 'x': -76.8828883333}","{'t': '18 Feb 2022 21:59:23', 'v': 1645239563, 'y': -13.09385, 'x': -75.9884183333}",290.0,12:07:14,4:49:20,24.0,88.0,61.0,4.79,1645195929,1645239563,2022-02-18 09:52:09,2022-02-18 21:59:23,-76.8828883333,-75.9884183333,-11.9708683333,-13.09385,BBB-850
4.8,11.41,0.18,Refineria Cajamarquilla - Mina Cerro Lindo,Refineria Cajamarquilla,Mina Cerro Lindo,"{'t': '25 Feb 2022 09:53:48', 'v': 1645800828, 'y': -11.9707633333, 'x': -76.8828133333}","{'t': '25 Feb 2022 21:18:28', 'v': 1645841908, 'y': -13.09387, 'x': -75.9885033333}",276.0,11:24:40,4:48:02,24.0,89.0,28.36,9.74,1645800828,1645841908,2022-02-25 09:53:48,2022-02-25 21:18:28,-76.8828133333,-75.9885033333,-11.9707633333,-13.09387,BBB-850
4.78,11.72,0.18,Impala Terminals - Mina Cerro Lindo,Impala Terminals,Mina Cerro Lindo,"{'t': '26 Feb 2022 09:29:33', 'v': 1645885773, 'y': -12.0444283333, 'x': -77.1281583333}","{'t': '26 Feb 2022 21:13:02', 'v': 1645927982, 'y': -13.093865, 'x': -75.9887383333}",277.0,11:43:29,4:47:03,24.0,91.0,30.28,9.13,1645885773,1645927982,2022-02-26 09:29:33,2022-02-26 21:13:02,-77.1281583333,-75.9887383333,-12.0444283333,-13.093865,BBB-850
4.5,10.29,0.19,Refineria Cajamarquilla - Mina Cerro Lindo,Refineria Cajamarquilla,Mina Cerro Lindo,"{'t': '27 Feb 2022 10:53:07', 'v': 1645977187, 'y': -11.9711783333, 'x': -76.88321}","{'t': '27 Feb 2022 21:10:32', 'v': 1646014232, 'y': -13.0939183333, 'x': -75.9887616667}",276.0,10:17:25,4:30:05,27.0,86.0,27.03,10.21,1645977187,1646014232,2022-02-27 10:53:07,2022-02-27 21:10:32,-76.88321,-75.9887616667,-11.9711783333,-13.0939183333,BBB-850
3.1,10.19,0.36,Impala Terminals - Mina Cerro Lindo,Impala Terminals,Mina Cerro Lindo,"{'t': '28 Feb 2022 11:15:24', 'v': 1646064924, 'y': -12.044435, 'x': -77.12809}","{'t': '28 Feb 2022 21:26:57', 'v': 1646101617, 'y': -13.0939766667, 'x': -75.9888766667}",288.0,10:11:33,3:06:10,28.0,93.0,62.0,4.68,1646064924,1646101617,2022-02-28 11:15:24,2022-02-28 21:26:57,-77.12809,-75.9888766667,-12.044435,-13.0939766667,BBB-850
3.42,9.57,0.19,Impala Terminals - Mina Cerro Lindo,Impala Terminals,Mina Cerro Lindo,"{'t': '02 Mar 2022 11:30:40', 'v': 1646238640, 'y': -12.0444383333, 'x': -77.1280516667}","{'t': '02 Mar 2022 21:04:56', 'v': 1646273096, 'y': -13.093875, 'x': -75.9888766667}",277.0,9:34:16,3:25:16,29.0,85.0,27.33,10.13,1646238640,1646273096,2022-03-02 11:30:40,2022-03-02 21:04:56,-77.1280516667,-75.9888766667,-12.0444383333,-13.093875,BBB-850
48.56,54.58,0.19,Impala Terminals - Mina Cerro Lindo,Impala Terminals,Mina Cerro Lindo,"{'t': '03 Mar 2022 13:41:50', 'v': 1646332910, 'y': -12.0444216667, 'x': -77.1281516667}","{'t': '05 Mar 2022 20:16:34', 'v': 1646529394, 'y': -13.09393, 'x': -75.9887766667}",277.0,2 days 6:34:44,2 days 0:33:52,5.0,82.0,27.95,9.89,1646332910,1646529394,2022-03-03 13:41:50,2022-03-05 20:16:34,-77.1281516667,-75.9887766667,-12.0444216667,-13.09393,BBB-850
5.47,11.2,0.18,Refineria Cajamarquilla - Mina Cerro Lindo,Refineria Cajamarquilla,Mina Cerro Lindo,"{'t': '06 Mar 2022 09:33:40', 'v': 1646577220, 'y': -11.971245, 'x': -76.8833083333}","{'t': '06 Mar 2022 20:45:29', 'v': 1646617529, 'y': -13.093935, 'x': -75.98877}",277.0,11:11:49,5:28:10,25.0,80.0,25.25,10.96,1646577220,1646617529,2022-03-06 09:33:40,2022-03-06 20:45:29,-76.8833083333,-75.98877,-11.971245,-13.093935,BBB-850
1.33,7.31,0.18,Impala Terminals - Mina Cerro Lindo,Impala Terminals,Mina Cerro Lindo,"{'t': '07 Mar 2022 15:24:00', 'v': 1646684640, 'y': -12.0432166667, 'x': -77.1311183333}","{'t': '07 Mar 2022 22:42:47', 'v': 1646710967, 'y': -13.0939666667, 'x': -75.9888766667}",277.0,7:18:47,1:20:06,38.0,82.0,26.04,10.66,1646684640,1646710967,2022-03-07 15:24:00,2022-03-07 22:42:47,-77.1311183333,-75.9888766667,-12.0432166667,-13.0939666667,BBB-850
2.7,10.31,0.28,Impala Terminals - Mina Cerro Lindo,Impala Terminals,Mina Cerro Lindo,"{'t': '08 Mar 2022 09:56:56', 'v': 1646751416, 'y': -12.04438, 'x': -77.12806}","{'t': '08 Mar 2022 20:15:40', 'v': 1646788540, 'y': -13.0938283333, 'x': -75.9884416667}",316.0,10:18:44,2:42:11,31.0,80.0,51.0,6.25,1646751416,1646788540,2022-03-08 09:56:56,2022-03-08 20:15:40,-77.12806,-75.9884416667,-12.04438,-13.0938283333,BBB-850
3.57,11.38,0.31,Refineria Cajamarquilla - Mina Cerro Lindo,Refineria Cajamarquilla,Mina Cerro Lindo,"{'t': '09 Mar 2022 09:57:18', 'v': 1646837838, 'y': -11.9710283333, 'x': -76.8830033333}","{'t': '09 Mar 2022 21:19:49', 'v': 1646878789, 'y': -13.0938183333, 'x': -75.98851}",289.0,11:22:31,3:34:09,25.0,90.0,59.0,4.93,1646837838,1646878789,2022-03-09 09:57:18,2022-03-09 21:19:49,-76.8830033333,-75.98851,-11.9710283333,-13.0938183333,BBB-850
6.58,12.83,0.19,Impala Terminals - Mina Cerro Lindo,Impala Terminals,Mina Cerro Lindo,"{'t': '10 Mar 2022 10:55:57', 'v': 1646927757, 'y': -12.0444383333, 'x': -77.128075}","{'t': '10 Mar 2022 23:45:41', 'v': 1646973941, 'y': -13.0938966667, 'x': -75.9889066667}",275.0,12:49:44,6:35:05,21.0,88.0,28.43,9.68,1646927757,1646973941,2022-03-10 10:55:57,2022-03-10 23:45:41,-77.128075,-75.9889066667,-12.0444383333,-13.0938966667,BBB-850
4.15,10.52,0.18,Impala Terminals - Mina Cerro Lindo,Impala Terminals,Mina Cerro Lindo,"{'t': '12 Mar 2022 11:32:07', 'v': 1647102727, 'y': -12.044505, 'x': -77.1283116667}","{'t': '12 Mar 2022 22:03:22', 'v': 1647140602, 'y': -13.0939766667, 'x': -75.9888766667}",277.0,10:31:15,4:09:07,26.0,83.0,27.03,10.23,1647102727,1647140602,2022-03-12 11:32:07,2022-03-12 22:03:22,-77.1283116667,-75.9888766667,-12.044505,-13.0939766667,BBB-850
28.28,33.99,0.2,Refineria Cajamarquilla - Mina Cerro Lindo,Refineria Cajamarquilla,Mina Cerro Lindo,"{'t': '13 Mar 2022 13:14:20', 'v': 1647195260, 'y': -11.9712116667, 'x': -76.883225}","{'t': '14 Mar 2022 23:13:35', 'v': 1647317615, 'y': -13.0937716667, 'x': -75.9885033333}",276.0,1 days 9:59:15,1 days 4:16:43,8.0,88.0,26.97,10.25,1647195260,1647317615,2022-03-13 13:14:20,2022-03-14 23:13:35,-76.883225,-75.9885033333,-11.9712116667,-13.0937716667,BBB-850
3.22,10.84,0.29,Impala Terminals - Mina Cerro Lindo,Impala Terminals,Mina Cerro Lindo,"{'t': '15 Mar 2022 09:54:19', 'v': 1647356059, 'y': -12.0444066667, 'x': -77.12806}","{'t': '15 Mar 2022 20:44:38', 'v': 1647395078, 'y': -13.0939316667, 'x': -75.9886483333}",321.0,10:50:19,3:13:07,30.0,84.0,53.0,6.01,1647356059,1647395078,2022-03-15 09:54:19,2022-03-15 20:44:38,-77.12806,-75.9886483333,-12.0444066667,-13.0939316667,BBB-850
4.17,10.19,0.18,Refineria Cajamarquilla - Mina Cerro Lindo,Refineria Cajamarquilla,Mina Cerro Lindo,"{'t': '16 Mar 2022 11:37:09', 'v': 1647448629, 'y': -11.9712883333, 'x': -76.8833083333}","{'t': '16 Mar 2022 21:48:47', 'v': 1647485327, 'y': -13.093865, 'x': -75.988495}",277.0,10:11:38,4:10:02,27.0,85.0,26.35,10.51,1647448629,1647485327,2022-03-16 11:37:09,2022-03-16 21:48:47,-76.8833083333,-75.988495,-11.9712883333,-13.093865,BBB-850
4.34,12.35,0.28,Refineria Cajamarquilla - Mina Cerro Lindo,Refineria Cajamarquilla,Mina Cerro Lindo,"{'t': '17 Mar 2022 09:40:36', 'v': 1647528036, 'y': -11.9711983333, 'x': -76.8831783333}","{'t': '17 Mar 2022 22:01:35', 'v': 1647572495, 'y': -13.0938483333, 'x': -75.98854}",349.0,12:20:59,4:20:11,28.0,83.0,54.0,6.42,1647528036,1647572495,2022-03-17 09:40:36,2022-03-17 22:01:35,-76.8831783333,-75.98854,-11.9711983333,-13.0938483333,BBB-850
2.8,9.3,0.17,Impala Terminals - Mina Cerro Lindo,Impala Terminals,Mina Cerro Lindo,"{'t': '19 Mar 2022 11:28:01', 'v': 1647707281, 'y': -12.0420683333, 'x': -77.1274483333}","{'t': '19 Mar 2022 20:46:06', 'v': 1647740766, 'y': -13.093915, 'x': -75.9888916667}",276.0,9:18:05,2:48:04,30.0,81.0,27.29,10.11,1647707281,1647740766,2022-03-19 11:28:01,2022-03-19 20:46:06,-77.1274483333,-75.9888916667,-12.0420683333,-13.093915,BBB-850
5.44,10.87,0.19,Refineria Cajamarquilla - Mina Cerro Lindo,Refineria Cajamarquilla,Mina Cerro Lindo,"{'t': '20 Mar 2022 10:55:37', 'v': 1647791737, 'y': -11.971195, 'x': -76.8832166667}","{'t': '20 Mar 2022 21:47:41', 'v': 1647830861, 'y': -13.0939633333, 'x': -75.9888766667}",276.0,10:52:04,5:26:28,25.0,79.0,25.26,10.91,1647791737,1647830861,2022-03-20 10:55:37,2022-03-20 21:47:41,-76.8832166667,-75.9888766667,-11.971195,-13.0939633333,BBB-850
3.7,9.98,0.18,Impala Terminals - Mina Cerro Lindo,Impala Terminals,Mina Cerro Lindo,"{'t': '23 Mar 2022 11:30:02', 'v': 1648053002, 'y': -12.0443466667, 'x': -77.128075}","{'t': '23 Mar 2022 21:29:06', 'v': 1648088946, 'y': -13.0937383333, 'x': -75.9882283333}",277.0,9:59:04,3:42:05,28.0,81.0,26.81,10.32,1648053002,1648088946,2022-03-23 11:30:02,2022-03-23 21:29:06,-77.128075,-75.9882283333,-12.0443466667,-13.0937383333,BBB-850
4.82,11.77,0.26,Refineria Cajamarquilla - Mina Cerro Lindo,Refineria Cajamarquilla,Mina Cerro Lindo,"{'t': '24 Mar 2022 09:22:28', 'v': 1648131748, 'y': -11.9709633333, 'x': -76.88298}","{'t': '24 Mar 2022 21:08:42', 'v': 1648174122, 'y': -13.0937616667, 'x': -75.98835}",283.0,11:46:14,4:49:12,24.0,79.0,43.95,6.44,1648131748,1648174122,2022-03-24 09:22:28,2022-03-24 21:08:42,-76.88298,-75.98835,-11.9709633333,-13.0937616667,BBB-850
2.09,8.63,0.17,Impala Terminals - Mina Cerro Lindo,Impala Terminals,Mina Cerro Lindo,"{'t': '25 Mar 2022 12:53:07', 'v': 1648230787, 'y': -12.0420483333, 'x': -77.1274716667}","{'t': '25 Mar 2022 21:30:50', 'v': 1648261850, 'y': -13.09398, 'x': -75.9888616667}",277.0,8:37:43,2:05:21,32.0,81.0,26.92,10.28,1648230787,1648261850,2022-03-25 12:53:07,2022-03-25 21:30:50,-77.1274716667,-75.9888616667,-12.0420483333,-13.09398,BBB-850
2.55,8.81,0.17,Refineria Cajamarquilla - Mina Cerro Lindo,Refineria Cajamarquilla,Mina Cerro Lindo,"{'t': '26 Mar 2022 12:04:46', 'v': 1648314286, 'y': -11.9708466667, 'x': -76.8828133333}","{'t': '26 Mar 2022 20:53:27', 'v': 1648346007, 'y': -13.0938816667, 'x': -75.9886166667}",280.0,8:48:41,2:33:04,32.0,78.0,25.98,10.77,1648314286,1648346007,2022-03-26 12:04:46,2022-03-26 20:53:27,-76.8828133333,-75.9886166667,-11.9708466667,-13.0938816667,BBB-850
2.05,8.42,0.17,Refineria Cajamarquilla - Mina Cerro Lindo,Refineria Cajamarquilla,Mina Cerro Lindo,"{'t': '27 Mar 2022 14:05:33', 'v': 1648407933, 'y': -11.9709383333, 'x': -76.88295}","{'t': '27 Mar 2022 22:31:02', 'v': 1648438262, 'y': -13.0939483333, 'x': -75.9888616667}",276.0,8:25:29,2:03:00,33.0,78.0,26.32,10.47,1648407933,1648438262,2022-03-27 14:05:33,2022-03-27 22:31:02,-76.88295,-75.9888616667,-11.9709383333,-13.0939483333,BBB-850
25.1,31.11,0.18,Refineria Cajamarquilla - Mina Cerro Lindo,Refineria Cajamarquilla,Mina Cerro Lindo,"{'t': '28 Mar 2022 14:25:50', 'v': 1648495550, 'y': -11.971285, 'x': -76.883355}","{'t': '29 Mar 2022 21:32:08', 'v': 1648607528, 'y': -13.0938483333, 'x': -75.9884866667}",277.0,1 days 7:06:18,1 days 1:06:13,9.0,77.0,26.3,10.53,1648495550,1648607528,2022-03-28 14:25:50,2022-03-29 21:32:08,-76.883355,-75.9884866667,-11.971285,-13.0938483333,BBB-850
4.02,11.65,0.28,Refineria Cajamarquilla - Mina Cerro Lindo,Refineria Cajamarquilla,Mina Cerro Lindo,"{'t': '30 Mar 2022 09:00:17', 'v': 1648648817, 'y': -11.971295, 'x': -76.8832783333}","{'t': '30 Mar 2022 20:39:19', 'v': 1648690759, 'y': -13.0939033333, 'x': -75.9888533333}",344.0,11:39:02,4:01:05,30.0,82.0,51.0,6.72,1648648817,1648690759,2022-03-30 09:00:17,2022-03-30 20:39:19,-76.8832783333,-75.9888533333,-11.971295,-13.0939033333,BBB-850
4.7,10.36,0.19,Refineria Cajamarquilla - Mina Cerro Lindo,Refineria Cajamarquilla,Mina Cerro Lindo,"{'t': '31 Mar 2022 10:55:51', 'v': 1648742151, 'y': -11.97126, 'x': -76.883355}","{'t': '31 Mar 2022 21:17:18', 'v': 1648779438, 'y': -13.0939383333, 'x': -75.9887766667}",279.0,10:21:27,4:42:06,27.0,81.0,25.18,11.06,1648742151,1648779438,2022-03-31 10:55:51,2022-03-31 21:17:18,-76.883355,-75.9887766667,-11.97126,-13.0939383333,BBB-850
53.33,59.55,0.19,Impala Terminals - Mina Cerro Lindo,Impala Terminals,Mina Cerro Lindo,"{'t': '01 Apr 2022 10:41:18', 'v': 1648827678, 'y': -12.0443866667, 'x': -77.1280816667}","{'t': '03 Apr 2022 22:14:20', 'v': 1649042060, 'y': -13.0938583333, 'x': -75.9886016667}",277.0,2 days 11:33:02,2 days 5:19:55,5.0,81.0,28.41,9.77,1648827678,1649042060,2022-04-01 10:41:18,2022-04-03 22:14:20,-77.1280816667,-75.9886016667,-12.0443866667,-13.0938583333,BBB-850
4.59,10.26,0.19,Refineria Cajamarquilla - Mina Cerro Lindo,Refineria Cajamarquilla,Mina Cerro Lindo,"{'t': '04 Apr 2022 10:16:12', 'v': 1649085372, 'y': -11.9712466667, 'x': -76.8833233333}","{'t': '04 Apr 2022 20:31:47', 'v': 1649122307, 'y': -13.0939166667, 'x': -75.9887316667}",277.0,10:15:35,4:35:22,27.0,80.0,25.58,10.82,1649085372,1649122307,2022-04-04 10:16:12,2022-04-04 20:31:47,-76.8833233333,-75.9887316667,-11.9712466667,-13.0939166667,BBB-850
4.34,9.67,0.21,Impala Terminals - Mina Cerro Lindo,Impala Terminals,Mina Cerro Lindo,"{'t': '05 Apr 2022 10:40:33', 'v': 1649173233, 'y': -12.0444, 'x': -77.128135}","{'t': '05 Apr 2022 20:20:53', 'v': 1649208053, 'y': -13.093875, 'x': -75.9885633333}",278.0,9:40:20,4:20:30,29.0,81.0,26.81,10.36,1649173233,1649208053,2022-04-05 10:40:33,2022-04-05 20:20:53,-77.128135,-75.9885633333,-12.0444,-13.093875,BBB-850
4.22,12.36,0.28,Refineria Cajamarquilla - Mina Cerro Lindo,Refineria Cajamarquilla,Mina Cerro Lindo,"{'t': '06 Apr 2022 08:40:15', 'v': 1649252415, 'y': -11.9705316667, 'x': -76.8824766667}","{'t': '06 Apr 2022 21:01:33', 'v': 1649296893, 'y': -13.0937716667, 'x': -75.9884566667}",347.0,12:21:18,4:13:04,28.0,84.0,54.0,6.38,1649252415,1649296893,2022-04-06 08:40:15,2022-04-06 21:01:33,-76.8824766667,-75.9884566667,-11.9705316667,-13.0937716667,BBB-850
3.27,11.21,0.27,Impala Terminals - Mina Cerro Lindo,Impala Terminals,Mina Cerro Lindo,"{'t': '07 Apr 2022 10:00:44', 'v': 1649343644, 'y': -12.0443933333, 'x': -77.12806}","{'t': '07 Apr 2022 21:13:32', 'v': 1649384012, 'y': -13.0938933333, 'x': -75.9887933333}",316.0,11:12:48,3:16:09,28.0,79.0,52.0,6.05,1649343644,1649384012,2022-04-07 10:00:44,2022-04-07 21:13:32,-77.12806,-75.9887933333,-12.0443933333,-13.0938933333,BBB-850
26.04,34.78,0.26,Refineria Cajamarquilla - Mina Cerro Lindo,Refineria Cajamarquilla,Mina Cerro Lindo,"{'t': '09 Apr 2022 10:09:32', 'v': 1649516972, 'y': -11.9710133333, 'x': -76.8830033333}","{'t': '10 Apr 2022 20:56:33', 'v': 1649642193, 'y': -13.093865, 'x': -75.9885333333}",345.0,1 days 10:47:01,1 days 2:02:16,10.0,80.0,54.0,6.4,1649516972,1649642193,2022-04-09 10:09:32,2022-04-10 20:56:33,-76.8830033333,-75.9885333333,-11.9710133333,-13.093865,BBB-850
1.75,7.65,0.18,Impala Terminals - Mina Cerro Lindo,Impala Terminals,Mina Cerro Lindo,"{'t': '12 Apr 2022 13:37:28', 'v': 1649788648, 'y': -12.0444083333, 'x': -77.1280516667}","{'t': '12 Apr 2022 21:16:40', 'v': 1649816200, 'y': -13.093815, 'x': -75.9884116667}",277.0,7:39:12,1:45:04,36.0,81.0,25.96,10.68,1649788648,1649816200,2022-04-12 13:37:28,2022-04-12 21:16:40,-77.1280516667,-75.9884116667,-12.0444083333,-13.093815,BBB-850
3.97,11.63,0.32,Impala Terminals - Mina Cerro Lindo,Impala Terminals,Mina Cerro Lindo,"{'t': '13 Apr 2022 09:35:23', 'v': 1649860523, 'y': -12.0443833333, 'x': -77.12806}","{'t': '13 Apr 2022 21:13:03', 'v': 1649902383, 'y': -13.0941416667, 'x': -75.98877}",288.0,11:37:40,3:58:02,25.0,89.0,58.0,4.92,1649860523,1649902383,2022-04-13 09:35:23,2022-04-13 21:13:03,-77.12806,-75.98877,-12.0443833333,-13.0941416667,BBB-850
3.0,10.22,0.16,Refineria Cajamarquilla - Mina Cerro Lindo,Refineria Cajamarquilla,Mina Cerro Lindo,"{'t': '14 Apr 2022 11:34:31', 'v': 1649954071, 'y': -11.971095, 'x': -76.88321}","{'t': '14 Apr 2022 21:47:31', 'v': 1649990851, 'y': -13.09391, 'x': -75.9888083333}",278.0,10:13:00,3:00:04,27.0,88.0,27.68,10.03,1649954071,1649990851,2022-04-14 11:34:31,2022-04-14 21:47:31,-76.88321,-75.9888083333,-11.971095,-13.09391,BBB-850
3.97,9.23,0.2,Refineria Cajamarquilla - Mina Cerro Lindo,Refineria Cajamarquilla,Mina Cerro Lindo,"{'t': '15 Apr 2022 12:06:13', 'v': 1650042373, 'y': -11.9711633333, 'x': -76.8831783333}","{'t': '15 Apr 2022 21:20:19', 'v': 1650075619, 'y': -13.0938666667, 'x': -75.9886483333}",276.0,9:14:06,3:58:07,30.0,82.0,25.57,10.81,1650042373,1650075619,2022-04-15 12:06:13,2022-04-15 21:20:19,-76.8831783333,-75.9886483333,-11.9711633333,-13.0938666667,BBB-850
4.4,9.9,0.2,Refineria Cajamarquilla - Mina Cerro Lindo,Refineria Cajamarquilla,Mina Cerro Lindo,"{'t': '17 Apr 2022 12:15:39', 'v': 1650215739, 'y': -11.9710466667, 'x': -76.8830866667}","{'t': '17 Apr 2022 22:09:24', 'v': 1650251364, 'y': -13.0938933333, 'x': -75.9885933333}",277.0,9:53:45,4:24:06,28.0,91.0,26.36,10.5,1650215739,1650251364,2022-04-17 12:15:39,2022-04-17 22:09:24,-76.8830866667,-75.9885933333,-11.9710466667,-13.0938933333,BBB-850
3.0,8.97,0.19,Impala Terminals - Mina Cerro Lindo,Impala Terminals,Mina Cerro Lindo,"{'t': '21 Apr 2022 13:48:06', 'v': 1650566886, 'y': -12.04443, 'x': -77.12825}","{'t': '21 Apr 2022 22:46:05', 'v': 1650599165, 'y': -13.09396, 'x': -75.9887166667}",276.0,8:57:59,3:00:04,31.0,83.0,26.96,10.23,1650566886,1650599165,2022-04-21 13:48:06,2022-04-21 22:46:05,-77.12825,-75.9887166667,-12.04443,-13.09396,BBB-850
4.92,11.03,0.18,Impala Terminals - Mina Cerro Lindo,Impala Terminals,Mina Cerro Lindo,"{'t': '23 Apr 2022 09:37:03', 'v': 1650724623, 'y': -12.04444, 'x': -77.1281583333}","{'t': '23 Apr 2022 20:38:50', 'v': 1650764330, 'y': -13.0939816667, 'x': -75.9888766667}",276.0,11:01:47,4:55:04,25.0,79.0,26.41,10.47,1650724623,1650764330,2022-04-23 09:37:03,2022-04-23 20:38:50,-77.1281583333,-75.9888766667,-12.04444,-13.0939816667,BBB-850
4.7,10.79,0.18,Impala Terminals - Mina Cerro Lindo,Impala Terminals,Mina Cerro Lindo,"{'t': '24 Apr 2022 10:04:48', 'v': 1650812688, 'y': -12.0443916667, 'x': -77.1280666667}","{'t': '24 Apr 2022 20:52:14', 'v': 1650851534, 'y': -13.0938616667, 'x': -75.98851}",276.0,10:47:26,4:42:00,26.0,78.0,25.77,10.72,1650812688,1650851534,2022-04-24 10:04:48,2022-04-24 20:52:14,-77.1280666667,-75.98851,-12.0443916667,-13.0938616667,BBB-850
26.11,31.9,0.19,Impala Terminals - Mina Cerro Lindo,Impala Terminals,Mina Cerro Lindo,"{'t': '25 Apr 2022 14:09:35', 'v': 1650913775, 'y': -12.0446633333, 'x': -77.12799}","{'t': '26 Apr 2022 22:03:23', 'v': 1651028603, 'y': -13.093955, 'x': -75.9887383333}",278.0,1 days 7:53:48,1 days 2:06:25,9.0,84.0,26.88,10.33,1650913775,1651028603,2022-04-25 14:09:35,2022-04-26 22:03:23,-77.12799,-75.9887383333,-12.0446633333,-13.093955,BBB-850
3.12,11.37,0.26,Refineria Cajamarquilla - Mina Cerro Lindo,Refineria Cajamarquilla,Mina Cerro Lindo,"{'t': '27 Apr 2022 10:10:04', 'v': 1651072204, 'y': -11.9711783333, 'x': -76.8833166667}","{'t': '27 Apr 2022 21:32:33', 'v': 1651113153, 'y': -13.0939766667, 'x': -75.9888616667}",345.0,11:22:29,3:07:06,30.0,86.0,51.0,6.74,1651072204,1651113153,2022-04-27 10:10:04,2022-04-27 21:32:33,-76.8833166667,-75.9888616667,-11.9711783333,-13.0939766667,BBB-850
4.12,10.25,0.18,Impala Terminals - Mina Cerro Lindo,Impala Terminals,Mina Cerro Lindo,"{'t': '28 Apr 2022 11:20:33', 'v': 1651162833, 'y': -12.04468, 'x': -77.12799}","{'t': '28 Apr 2022 21:35:50', 'v': 1651199750, 'y': -13.0939966667, 'x': -75.9887933333}",277.0,10:15:17,4:07:03,27.0,79.0,26.34,10.5,1651162833,1651199750,2022-04-28 11:20:33,2022-04-28 21:35:50,-77.12799,-75.9887933333,-12.04468,-13.0939966667,BBB-850
3.33,9.7,0.17,Impala Terminals - Mina Cerro Lindo,Impala Terminals,Mina Cerro Lindo,"{'t': '29 Apr 2022 11:37:54', 'v': 1651250274, 'y': -12.044655, 'x': -77.1280066667}","{'t': '29 Apr 2022 21:19:55', 'v': 1651285195, 'y': -13.0939616667, 'x': -75.9888533333}",276.0,9:42:01,3:20:02,28.0,84.0,26.28,10.52,1651250274,1651285195,2022-04-29 11:37:54,2022-04-29 21:19:55,-77.1280066667,-75.9888533333,-12.044655,-13.0939616667,BBB-850
5.75,11.46,0.19,Impala Terminals - Mina Cerro Lindo,Impala Terminals,Mina Cerro Lindo,"{'t': '30 Apr 2022 10:10:05', 'v': 1651331405, 'y': -12.0444383333, 'x': -77.1281583333}","{'t': '30 Apr 2022 21:37:46', 'v': 1651372666, 'y': -13.0939933333, 'x': -75.9888083333}",275.0,11:27:41,5:45:13,24.0,81.0,26.47,10.39,1651331405,1651372666,2022-04-30 10:10:05,2022-04-30 21:37:46,-77.1281583333,-75.9888083333,-12.0444383333,-13.0939933333,BBB-850
54.04,59.65,0.2,Refineria Cajamarquilla - Mina Cerro Lindo,Refineria Cajamarquilla,Mina Cerro Lindo,"{'t': '01 May 2022 10:19:32', 'v': 1651418372, 'y': -11.9710766667, 'x': -76.883095}","{'t': '03 May 2022 21:58:39', 'v': 1651633119, 'y': -13.093905, 'x': -75.98851}",277.0,2 days 11:39:07,2 days 6:02:33,5.0,78.0,26.27,10.55,1651418372,1651633119,2022-05-01 10:19:32,2022-05-03 21:58:39,-76.883095,-75.98851,-11.9710766667,-13.093905,BBB-850
22.54,32.31,0.16,Impala Terminals - Mina Cerro Lindo,Impala Terminals,Mina Cerro Lindo,"{'t': '04 May 2022 16:02:30', 'v': 1651698150, 'y': -12.0444033333, 'x': -77.12806}","{'t': '06 May 2022 00:21:02', 'v': 1651814462, 'y': -13.0938883333, 'x': -75.98883}",427.0,1 days 8:18:32,22:32:24,13.0,84.0,38.13,11.19,1651698150,1651814462,2022-05-04 16:02:30,2022-05-06 00:21:02,-77.12806,-75.98883,-12.0444033333,-13.0938883333,BBB-850
2.65,8.76,0.18,Refineria Cajamarquilla - Mina Cerro Lindo,Refineria Cajamarquilla,Mina Cerro Lindo,"{'t': '06 May 2022 12:40:09', 'v': 1651858809, 'y': -11.9713016667, 'x': -76.8833083333}","{'t': '06 May 2022 21:25:30', 'v': 1651890330, 'y': -13.0939616667, 'x': -75.98877}",275.0,8:45:21,2:39:05,31.0,82.0,25.73,10.67,1651858809,1651890330,2022-05-06 12:40:09,2022-05-06 21:25:30,-76.8833083333,-75.98877,-11.9713016667,-13.0939616667,BBB-850
4.62,11.89,0.29,Impala Terminals - Mina Cerro Lindo,Impala Terminals,Mina Cerro Lindo,"{'t': '07 May 2022 09:24:00', 'v': 1651933440, 'y': -12.04443, 'x': -77.1280516667}","{'t': '07 May 2022 21:17:24', 'v': 1651976244, 'y': -13.0939, 'x': -75.9885333333}",314.0,11:53:24,4:37:17,26.0,83.0,51.0,6.21,1651933440,1651976244,2022-05-07 09:24:00,2022-05-07 21:17:24,-77.1280516667,-75.9885333333,-12.04443,-13.0939,BBB-850
4.42,10.01,0.18,Refineria Cajamarquilla - Mina Cerro Lindo,Refineria Cajamarquilla,Mina Cerro Lindo,"{'t': '08 May 2022 10:17:49', 'v': 1652023069, 'y': -11.97129, 'x': -76.883355}","{'t': '08 May 2022 20:18:35', 'v': 1652059115, 'y': -13.0938833333, 'x': -75.9886016667}",279.0,10:00:46,4:25:09,28.0,82.0,24.17,11.55,1652023069,1652059115,2022-05-08 10:17:49,2022-05-08 20:18:35,-76.883355,-75.9886016667,-11.97129,-13.0938833333,BBB-850
4.4,12.04,0.28,Refineria Cajamarquilla - Mina Cerro Lindo,Refineria Cajamarquilla,Mina Cerro Lindo,"{'t': '09 May 2022 09:00:09', 'v': 1652104809, 'y': -11.9713133333, 'x': -76.8833383333}","{'t': '09 May 2022 21:02:50', 'v': 1652148170, 'y': -13.0938983333, 'x': -75.9887466667}",348.0,12:02:41,4:24:06,29.0,85.0,51.0,6.84,1652104809,1652148170,2022-05-09 09:00:09,2022-05-09 21:02:50,-76.8833383333,-75.9887466667,-11.9713133333,-13.0938983333,BBB-850
6.24,12.04,0.37,Cementos Inka - Mina Cerro Lindo,Cementos Inka,Mina Cerro Lindo,"{'t': '21 Feb 2022 01:06:06', 'v': 1645423566, 'y': -11.99224, 'x': -76.9018783333}","{'t': '21 Feb 2022 13:08:17', 'v': 1645466897, 'y': -13.0938766667, 'x': -75.9887316667}",272.0,12:02:11,6:14:16,23.0,96.0,51.0,5.34,1645423566,1645466897,2022-02-21 01:06:06,2022-02-21 13:08:17,-76.9018783333,-75.9887316667,-11.99224,-13.0938766667,BBC-924
9.02,15.35,0.36,Unacem - Mina Cerro Lindo,Unacem,Mina Cerro Lindo,"{'t': '22 Feb 2022 01:49:15', 'v': 1645512555, 'y': -12.1913683333, 'x': -76.90741}","{'t': '22 Feb 2022 17:10:28', 'v': 1645567828, 'y': -13.0938766667, 'x': -75.988815}",242.0,15:21:13,9:01:26,16.0,83.0,55.0,4.37,1645512555,1645567828,2022-02-22 01:49:15,2022-02-22 17:10:28,-76.90741,-75.988815,-12.1913683333,-13.0938766667,BBC-924
6.18,12.11,0.37,Unacem - Mina Cerro Lindo,Unacem,Mina Cerro Lindo,"{'t': '23 Feb 2022 22:29:44', 'v': 1645673384, 'y': -12.1914333333, 'x': -76.9075166667}","{'t': '24 Feb 2022 10:36:30', 'v': 1645716990, 'y': -13.0939166667, 'x': -75.9888233333}",242.0,12:06:46,6:10:33,20.0,84.0,53.0,4.55,1645673384,1645716990,2022-02-23 22:29:44,2022-02-24 10:36:30,-76.9075166667,-75.9888233333,-12.1914333333,-13.0939166667,BBC-924
4.92,10.68,0.38,Unacem - Mina Cerro Lindo,Unacem,Mina Cerro Lindo,"{'t': '25 Feb 2022 00:31:25', 'v': 1645767085, 'y': -12.1913583333, 'x': -76.9074933333}","{'t': '25 Feb 2022 11:12:06', 'v': 1645805526, 'y': -13.0938666667, 'x': -75.9885783333}",242.0,10:40:41,4:55:09,23.0,93.0,52.0,4.61,1645767085,1645805526,2022-02-25 00:31:25,2022-02-25 11:12:06,-76.9074933333,-75.9885783333,-12.1913583333,-13.0938666667,BBC-924
5.27,10.43,0.44,Unacem - Mina Cerro Lindo,Unacem,Mina Cerro Lindo,"{'t': '25 Feb 2022 23:21:46', 'v': 1645849306, 'y': -12.1914133333, 'x': -76.907425}","{'t': '26 Feb 2022 09:47:19', 'v': 1645886839, 'y': -13.093955, 'x': -75.9888383333}",238.0,10:25:33,5:16:11,23.0,94.0,55.0,4.36,1645849306,1645886839,2022-02-25 23:21:46,2022-02-26 09:47:19,-76.907425,-75.9888383333,-12.1914133333,-13.093955,BBC-924
2.47,7.9,0.42,Unacem - Mina Cerro Lindo,Unacem,Mina Cerro Lindo,"{'t': '27 Feb 2022 01:58:22', 'v': 1645945102, 'y': -12.191435, 'x': -76.9073716667}","{'t': '27 Feb 2022 09:52:38', 'v': 1645973558, 'y': -13.093945, 'x': -75.9888533333}",240.0,7:54:16,2:28:14,30.0,92.0,55.0,4.35,1645945102,1645973558,2022-02-27 01:58:22,2022-02-27 09:52:38,-76.9073716667,-75.9888533333,-12.191435,-13.093945,BBC-924
2.37,8.42,0.38,Cementos Inka - Mina Cerro Lindo,Cementos Inka,Mina Cerro Lindo,"{'t': '28 Feb 2022 01:18:13', 'v': 1646029093, 'y': -11.9922083333, 'x': -76.90194}","{'t': '28 Feb 2022 09:43:09', 'v': 1646059389, 'y': -13.0939383333, 'x': -75.988815}",271.0,8:24:56,2:22:13,32.0,92.0,54.0,4.98,1646029093,1646059389,2022-02-28 01:18:13,2022-02-28 09:43:09,-76.90194,-75.988815,-11.9922083333,-13.0939383333,BBC-924
2.99,8.54,0.41,Unacem - Mina Cerro Lindo,Unacem,Mina Cerro Lindo,"{'t': '01 Mar 2022 02:34:28', 'v': 1646120068, 'y': -12.1914033333, 'x': -76.907425}","{'t': '01 Mar 2022 11:07:05', 'v': 1646150825, 'y': -13.09393, 'x': -75.9887766667}",240.0,8:32:37,2:59:17,28.0,95.0,55.0,4.4,1646120068,1646150825,2022-03-01 02:34:28,2022-03-01 11:07:05,-76.907425,-75.9887766667,-12.1914033333,-13.09393,BBC-924
5.29,11.45,0.39,Unacem - Mina Cerro Lindo,Unacem,Mina Cerro Lindo,"{'t': '02 Mar 2022 23:10:04', 'v': 1646280604, 'y': -12.191415, 'x': -76.9074933333}","{'t': '03 Mar 2022 10:36:46', 'v': 1646321806, 'y': -13.0939533333, 'x': -75.9888833333}",241.0,11:26:42,5:17:33,21.0,96.0,58.0,4.18,1646280604,1646321806,2022-03-02 23:10:04,2022-03-03 10:36:46,-76.9074933333,-75.9888833333,-12.191415,-13.0939533333,BBC-924
5.97,11.7,0.39,Unacem - Mina Cerro Lindo,Unacem,Mina Cerro Lindo,"{'t': '05 Mar 2022 21:55:36', 'v': 1646535336, 'y': -12.191425, 'x': -76.90738}","{'t': '06 Mar 2022 09:37:52', 'v': 1646577472, 'y': -13.0938766667, 'x': -75.9886016667}",241.0,11:42:16,5:58:22,21.0,81.0,54.0,4.49,1646535336,1646577472,2022-03-05 21:55:36,2022-03-06 09:37:52,-76.90738,-75.9886016667,-12.191425,-13.0938766667,BBC-924
4.74,10.47,0.4,Unacem - Mina Cerro Lindo,Unacem,Mina Cerro Lindo,"{'t': '15 Mar 2022 23:59:19', 'v': 1647406759, 'y': -12.1914583333, 'x': -76.9075083333}","{'t': '16 Mar 2022 10:27:17', 'v': 1647444437, 'y': -13.0939583333, 'x': -75.988755}",242.0,10:27:58,4:44:26,23.0,87.0,54.0,4.45,1647406759,1647444437,2022-03-15 23:59:19,2022-03-16 10:27:17,-76.9075083333,-75.988755,-12.1914583333,-13.0939583333,BBC-924
51.48,57.28,0.4,Unacem - Mina Cerro Lindo,Unacem,Mina Cerro Lindo,"{'t': '16 Mar 2022 23:59:57', 'v': 1647493197, 'y': -12.1914216667, 'x': -76.9073716667}","{'t': '19 Mar 2022 09:16:51', 'v': 1647699411, 'y': -13.093895, 'x': -75.9888766667}",242.0,2 days 9:16:54,2 days 3:28:57,4.0,78.0,55.0,4.39,1647493197,1647699411,2022-03-16 23:59:57,2022-03-19 09:16:51,-76.9073716667,-75.9888766667,-12.1914216667,-13.093895,BBC-924
6.32,12.14,0.4,Unacem - Mina Cerro Lindo,Unacem,Mina Cerro Lindo,"{'t': '19 Mar 2022 21:46:13', 'v': 1647744373, 'y': -12.1914083333, 'x': -76.9075016667}","{'t': '20 Mar 2022 09:54:55', 'v': 1647788095, 'y': -13.0939433333, 'x': -75.9888833333}",242.0,12:08:42,6:19:22,20.0,85.0,56.0,4.33,1647744373,1647788095,2022-03-19 21:46:13,2022-03-20 09:54:55,-76.9075016667,-75.9888833333,-12.1914083333,-13.0939433333,BBC-924
4.87,10.85,0.4,Cementos Inka - Mina Cerro Lindo,Cementos Inka,Mina Cerro Lindo,"{'t': '20 Mar 2022 23:02:57', 'v': 1647835377, 'y': -11.9922766667, 'x': -76.901925}","{'t': '21 Mar 2022 09:53:53', 'v': 1647874433, 'y': -13.0939616667, 'x': -75.9888533333}",272.0,10:50:56,4:52:15,25.0,82.0,57.0,4.76,1647835377,1647874433,2022-03-20 23:02:57,2022-03-21 09:53:53,-76.901925,-75.9888533333,-11.9922766667,-13.0939616667,BBC-924
4.47,10.22,0.4,Unacem - Mina Cerro Lindo,Unacem,Mina Cerro Lindo,"{'t': '22 Mar 2022 00:07:18', 'v': 1647925638, 'y': -12.1913583333, 'x': -76.9075166667}","{'t': '22 Mar 2022 10:20:18', 'v': 1647962418, 'y': -13.0938433333, 'x': -75.988525}",243.0,10:13:00,4:28:24,24.0,84.0,55.0,4.39,1647925638,1647962418,2022-03-22 00:07:18,2022-03-22 10:20:18,-76.9075166667,-75.988525,-12.1913583333,-13.0938433333,BBC-924
5.56,11.64,0.39,Unacem - Mina Cerro Lindo,Unacem,Mina Cerro Lindo,"{'t': '24 Mar 2022 00:08:48', 'v': 1648098528, 'y': -12.1914166667, 'x': -76.90741}","{'t': '24 Mar 2022 11:47:27', 'v': 1648140447, 'y': -13.0938633333, 'x': -75.9885716667}",242.0,11:38:39,5:33:26,21.0,84.0,57.0,4.29,1648098528,1648140447,2022-03-24 00:08:48,2022-03-24 11:47:27,-76.90741,-75.9885716667,-12.1914166667,-13.0938633333,BBC-924
3.5,9.39,0.39,Unacem - Mina Cerro Lindo,Unacem,Mina Cerro Lindo,"{'t': '25 Mar 2022 00:38:51', 'v': 1648186731, 'y': -12.1913733333, 'x': -76.90747}","{'t': '25 Mar 2022 10:02:29', 'v': 1648220549, 'y': -13.0939083333, 'x': -75.9885716667}",242.0,9:23:38,3:30:15,26.0,83.0,56.0,4.35,1648186731,1648220549,2022-03-25 00:38:51,2022-03-25 10:02:29,-76.90747,-75.9885716667,-12.1913733333,-13.0939083333,BBC-924
5.29,10.7,0.42,Unacem - Mina Cerro Lindo,Unacem,Mina Cerro Lindo,"{'t': '26 Mar 2022 22:26:52', 'v': 1648351612, 'y': -12.1914466667, 'x': -76.90744}","{'t': '27 Mar 2022 09:09:01', 'v': 1648390141, 'y': -13.0939633333, 'x': -75.9888083333}",242.0,10:42:09,5:17:16,23.0,89.0,55.0,4.41,1648351612,1648390141,2022-03-26 22:26:52,2022-03-27 09:09:01,-76.90744,-75.9888083333,-12.1914466667,-13.0939633333,BBC-924
6.32,12.04,0.4,Cementos Inka - Mina Cerro Lindo,Cementos Inka,Mina Cerro Lindo,"{'t': '27 Mar 2022 21:07:01', 'v': 1648433221, 'y': -11.9922516667, 'x': -76.9020383333}","{'t': '28 Mar 2022 09:09:20', 'v': 1648476560, 'y': -13.0938833333, 'x': -75.98864}",272.0,12:02:19,6:19:06,23.0,81.0,55.0,4.92,1648433221,1648476560,2022-03-27 21:07:01,2022-03-28 09:09:20,-76.9020383333,-75.98864,-11.9922516667,-13.0938833333,BBC-924
4.74,10.35,0.4,Unacem - Mina Cerro Lindo,Unacem,Mina Cerro Lindo,"{'t': '28 Mar 2022 23:01:24', 'v': 1648526484, 'y': -12.1914033333, 'x': -76.9074866667}","{'t': '29 Mar 2022 09:22:40', 'v': 1648563760, 'y': -13.0939883333, 'x': -75.9888533333}",241.0,10:21:16,4:44:24,23.0,87.0,54.0,4.45,1648526484,1648563760,2022-03-28 23:01:24,2022-03-29 09:22:40,-76.9074866667,-75.9888533333,-12.1914033333,-13.0939883333,BBC-924
6.86,12.4,0.41,Unacem - Mina Cerro Lindo,Unacem,Mina Cerro Lindo,"{'t': '29 Mar 2022 21:06:26', 'v': 1648605986, 'y': -12.1914283333, 'x': -76.90747}","{'t': '30 Mar 2022 09:30:41', 'v': 1648650641, 'y': -13.0939433333, 'x': -75.9888683333}",242.0,12:24:15,6:51:23,19.0,86.0,54.0,4.47,1648605986,1648650641,2022-03-29 21:06:26,2022-03-30 09:30:41,-76.90747,-75.9888683333,-12.1914283333,-13.0939433333,BBC-924
6.09,11.62,0.41,Unacem - Mina Cerro Lindo,Unacem,Mina Cerro Lindo,"{'t': '30 Mar 2022 21:29:17', 'v': 1648693757, 'y': -12.1913783333, 'x': -76.90741}","{'t': '31 Mar 2022 09:06:40', 'v': 1648735600, 'y': -13.0939116667, 'x': -75.9885933333}",241.0,11:37:23,6:05:19,21.0,85.0,54.0,4.46,1648693757,1648735600,2022-03-30 21:29:17,2022-03-31 09:06:40,-76.90741,-75.9885933333,-12.1913783333,-13.0939116667,BBC-924
3.17,9.4,0.37,Cementos Inka - Mina Cerro Lindo,Cementos Inka,Mina Cerro Lindo,"{'t': '01 Apr 2022 01:50:15', 'v': 1648795815, 'y': -11.99223, 'x': -76.9020233333}","{'t': '01 Apr 2022 11:14:04', 'v': 1648829644, 'y': -13.0935266667, 'x': -75.9889366667}",272.0,9:23:49,3:10:22,29.0,86.0,55.0,4.91,1648795815,1648829644,2022-04-01 01:50:15,2022-04-01 11:14:04,-76.9020233333,-75.9889366667,-11.99223,-13.0935266667,BBC-924
4.9,10.65,0.39,Unacem - Mina Cerro Lindo,Unacem,Mina Cerro Lindo,"{'t': '01 Apr 2022 22:34:26', 'v': 1648870466, 'y': -12.19141, 'x': -76.9074866667}","{'t': '02 Apr 2022 09:13:43', 'v': 1648908823, 'y': -13.093935, 'x': -75.9887383333}",242.0,10:39:17,4:54:17,23.0,86.0,54.0,4.48,1648870466,1648908823,2022-04-01 22:34:26,2022-04-02 09:13:43,-76.9074866667,-75.9887383333,-12.19141,-13.093935,BBC-924
4.42,10.16,0.39,Unacem - Mina Cerro Lindo,Unacem,Mina Cerro Lindo,"{'t': '02 Apr 2022 23:10:47', 'v': 1648959047, 'y': -12.1913733333, 'x': -76.9074633333}","{'t': '03 Apr 2022 09:20:38', 'v': 1648995638, 'y': -13.0939566667, 'x': -75.9888466667}",242.0,10:09:51,4:25:25,24.0,83.0,54.0,4.46,1648959047,1648995638,2022-04-02 23:10:47,2022-04-03 09:20:38,-76.9074633333,-75.9888466667,-12.1913733333,-13.0939566667,BBC-924
6.07,11.93,0.4,Cementos Inka - Mina Cerro Lindo,Cementos Inka,Mina Cerro Lindo,"{'t': '03 Apr 2022 21:32:54', 'v': 1649039574, 'y': -11.9922266667, 'x': -76.9019466667}","{'t': '04 Apr 2022 09:28:26', 'v': 1649082506, 'y': -13.093905, 'x': -75.98877}",272.0,11:55:32,6:04:23,23.0,88.0,56.0,4.82,1649039574,1649082506,2022-04-03 21:32:54,2022-04-04 09:28:26,-76.9019466667,-75.98877,-11.9922266667,-13.093905,BBC-924
6.31,11.92,0.41,Unacem - Mina Cerro Lindo,Unacem,Mina Cerro Lindo,"{'t': '05 Apr 2022 21:52:07', 'v': 1649213527, 'y': -12.1913583333, 'x': -76.907425}","{'t': '06 Apr 2022 09:47:24', 'v': 1649256444, 'y': -13.0939816667, 'x': -75.9888616667}",241.0,11:55:17,6:18:33,20.0,90.0,56.0,4.35,1649213527,1649256444,2022-04-05 21:52:07,2022-04-06 09:47:24,-76.907425,-75.9888616667,-12.1913583333,-13.0939816667,BBC-924
3.52,9.19,0.38,Unacem - Mina Cerro Lindo,Unacem,Mina Cerro Lindo,"{'t': '08 Apr 2022 00:47:25', 'v': 1649396845, 'y': -12.1913566667, 'x': -76.9074866667}","{'t': '08 Apr 2022 09:58:44', 'v': 1649429924, 'y': -13.0938566667, 'x': -75.9886166667}",242.0,9:11:19,3:31:17,26.0,95.0,51.0,4.7,1649396845,1649429924,2022-04-08 00:47:25,2022-04-08 09:58:44,-76.9074866667,-75.9886166667,-12.1913566667,-13.0938566667,BBC-924
3.19,8.88,0.39,Unacem - Mina Cerro Lindo,Unacem,Mina Cerro Lindo,"{'t': '09 Apr 2022 01:03:09', 'v': 1649484189, 'y': -12.1913883333, 'x': -76.907425}","{'t': '09 Apr 2022 09:56:02', 'v': 1649516162, 'y': -13.0938833333, 'x': -75.9889066667}",242.0,8:52:53,3:11:17,27.0,93.0,53.0,4.55,1649484189,1649516162,2022-04-09 01:03:09,2022-04-09 09:56:02,-76.907425,-75.9889066667,-12.1913883333,-13.0938833333,BBC-924
4.1,9.45,0.41,Unacem - Mina Cerro Lindo,Unacem,Mina Cerro Lindo,"{'t': '09 Apr 2022 23:44:40', 'v': 1649565880, 'y': -12.1913366667, 'x': -76.90744}","{'t': '10 Apr 2022 09:11:36', 'v': 1649599896, 'y': -13.0939783333, 'x': -75.9887466667}",241.0,9:26:56,4:06:13,25.0,94.0,53.0,4.56,1649565880,1649599896,2022-04-09 23:44:40,2022-04-10 09:11:36,-76.90744,-75.9887466667,-12.1913366667,-13.0939783333,BBC-924
6.72,12.66,0.38,Cementos Inka - Mina Cerro Lindo,Cementos Inka,Mina Cerro Lindo,"{'t': '10 Apr 2022 20:54:40', 'v': 1649642080, 'y': -11.992215, 'x': -76.9020233333}","{'t': '11 Apr 2022 09:34:29', 'v': 1649687669, 'y': -13.093815, 'x': -75.9885033333}",272.0,12:39:49,6:43:17,21.0,102.0,55.0,4.98,1649642080,1649687669,2022-04-10 20:54:40,2022-04-11 09:34:29,-76.9020233333,-75.9885033333,-11.992215,-13.093815,BBC-924
5.45,11.09,0.4,Unacem - Mina Cerro Lindo,Unacem,Mina Cerro Lindo,"{'t': '11 Apr 2022 22:13:49', 'v': 1649733229, 'y': -12.19139, 'x': -76.9074866667}","{'t': '12 Apr 2022 09:19:17', 'v': 1649773157, 'y': -13.093945, 'x': -75.9888383333}",241.0,11:05:28,5:27:14,22.0,87.0,55.0,4.41,1649733229,1649773157,2022-04-11 22:13:49,2022-04-12 09:19:17,-76.9074866667,-75.9888383333,-12.19139,-13.093945,BBC-924
3.94,10.06,0.36,Unacem - Mina Cerro Lindo,Unacem,Mina Cerro Lindo,"{'t': '13 Apr 2022 23:51:08', 'v': 1649911868, 'y': -12.191345, 'x': -76.907455}","{'t': '14 Apr 2022 09:54:43', 'v': 1649948083, 'y': -13.0938966667, 'x': -75.9888683333}",242.0,10:03:35,3:56:09,24.0,87.0,53.0,4.55,1649911868,1649948083,2022-04-13 23:51:08,2022-04-14 09:54:43,-76.907455,-75.9888683333,-12.191345,-13.0938966667,BBC-924
9.56,15.41,0.39,Unacem - Mina Cerro Lindo,Unacem,Mina Cerro Lindo,"{'t': '14 Apr 2022 19:56:43', 'v': 1649984203, 'y': -12.1913916667, 'x': -76.90741}","{'t': '15 Apr 2022 11:21:34', 'v': 1650039694, 'y': -13.0939483333, 'x': -75.9888683333}",241.0,15:24:51,9:33:19,16.0,90.0,55.0,4.42,1649984203,1650039694,2022-04-14 19:56:43,2022-04-15 11:21:34,-76.90741,-75.9888683333,-12.1913916667,-13.0939483333,BBC-924
6.91,13.14,0.37,Cementos Inka - Mina Cerro Lindo,Cementos Inka,Mina Cerro Lindo,"{'t': '16 Apr 2022 21:32:16', 'v': 1650162736, 'y': -11.9921866667, 'x': -76.90187}","{'t': '17 Apr 2022 10:40:33', 'v': 1650210033, 'y': -13.09391, 'x': -75.9888833333}",273.0,13:08:17,6:54:19,21.0,94.0,56.0,4.89,1650162736,1650210033,2022-04-16 21:32:16,2022-04-17 10:40:33,-76.90187,-75.9888833333,-11.9921866667,-13.09391,BBC-924
29.75,35.46,0.42,Cementos Inka - Mina Cerro Lindo,Cementos Inka,Mina Cerro Lindo,"{'t': '17 Apr 2022 22:46:25', 'v': 1650253585, 'y': -11.9922266667, 'x': -76.9020233333}","{'t': '19 Apr 2022 10:13:54', 'v': 1650381234, 'y': -13.0938866667, 'x': -75.988785}",272.0,1 days 11:27:29,1 days 5:45:00,8.0,89.0,57.0,4.78,1650253585,1650381234,2022-04-17 22:46:25,2022-04-19 10:13:54,-76.9020233333,-75.988785,-11.9922266667,-13.0938866667,BBC-924
5.62,11.34,0.39,Unacem - Mina Cerro Lindo,Unacem,Mina Cerro Lindo,"{'t': '19 Apr 2022 22:26:10', 'v': 1650425170, 'y': -12.191435, 'x': -76.9075016667}","{'t': '20 Apr 2022 09:46:45', 'v': 1650466005, 'y': -13.0939066667, 'x': -75.9888766667}",241.0,11:20:35,5:37:23,21.0,91.0,53.0,4.53,1650425170,1650466005,2022-04-19 22:26:10,2022-04-20 09:46:45,-76.9075016667,-75.9888766667,-12.191435,-13.0939066667,BBC-924
6.26,12.01,0.39,Unacem - Mina Cerro Lindo,Unacem,Mina Cerro Lindo,"{'t': '20 Apr 2022 21:49:33', 'v': 1650509373, 'y': -12.1914116667, 'x': -76.90738}","{'t': '21 Apr 2022 09:50:13', 'v': 1650552613, 'y': -13.0939433333, 'x': -75.9888616667}",242.0,12:00:40,6:15:20,20.0,93.0,53.0,4.53,1650509373,1650552613,2022-04-20 21:49:33,2022-04-21 09:50:13,-76.90738,-75.9888616667,-12.1914116667,-13.0939433333,BBC-924
7.87,13.8,0.37,Unacem - Mina Cerro Lindo,Unacem,Mina Cerro Lindo,"{'t': '21 Apr 2022 20:38:46', 'v': 1650591526, 'y': -12.1913633333, 'x': -76.9074783333}","{'t': '22 Apr 2022 10:26:31', 'v': 1650641191, 'y': -13.0939016667, 'x': -75.988815}",241.0,13:47:45,7:52:16,17.0,77.0,53.0,4.53,1650591526,1650641191,2022-04-21 20:38:46,2022-04-22 10:26:31,-76.9074783333,-75.988815,-12.1913633333,-13.0939016667,BBC-924
3.97,9.75,0.39,Unacem - Mina Cerro Lindo,Unacem,Mina Cerro Lindo,"{'t': '23 Apr 2022 00:11:14', 'v': 1650690674, 'y': -12.1914033333, 'x': -76.9075166667}","{'t': '23 Apr 2022 09:56:14', 'v': 1650725774, 'y': -13.0938666667, 'x': -75.9888916667}",242.0,9:45:00,3:58:18,25.0,92.0,54.0,4.51,1650690674,1650725774,2022-04-23 00:11:14,2022-04-23 09:56:14,-76.9075166667,-75.9888916667,-12.1914033333,-13.0938666667,BBC-924
6.57,12.4,0.38,Unacem - Mina Cerro Lindo,Unacem,Mina Cerro Lindo,"{'t': '23 Apr 2022 21:08:15', 'v': 1650766095, 'y': -12.191485, 'x': -76.9076083333}","{'t': '24 Apr 2022 09:32:16', 'v': 1650810736, 'y': -13.09389, 'x': -75.9888383333}",241.0,12:24:01,6:34:21,19.0,86.0,53.0,4.56,1650766095,1650810736,2022-04-23 21:08:15,2022-04-24 09:32:16,-76.9076083333,-75.9888383333,-12.191485,-13.09389,BBC-924
6.82,13.02,0.36,Cementos Inka - Mina Cerro Lindo,Cementos Inka,Mina Cerro Lindo,"{'t': '24 Apr 2022 21:04:12', 'v': 1650852252, 'y': -11.99219, 'x': -76.9019933333}","{'t': '25 Apr 2022 10:05:13', 'v': 1650899113, 'y': -13.0937866667, 'x': -75.9888466667}",272.0,13:01:01,6:49:08,21.0,84.0,53.0,5.11,1650852252,1650899113,2022-04-24 21:04:12,2022-04-25 10:05:13,-76.9019933333,-75.9888466667,-11.99219,-13.0937866667,BBC-924
5.22,11.01,0.39,Unacem - Mina Cerro Lindo,Unacem,Mina Cerro Lindo,"{'t': '25 Apr 2022 23:17:26', 'v': 1650946646, 'y': -12.1913866667, 'x': -76.9074933333}","{'t': '26 Apr 2022 10:18:14', 'v': 1650986294, 'y': -13.0939066667, 'x': -75.9888466667}",242.0,11:00:48,5:13:19,22.0,83.0,54.0,4.51,1650946646,1650986294,2022-04-25 23:17:26,2022-04-26 10:18:14,-76.9074933333,-75.9888466667,-12.1913866667,-13.0939066667,BBC-924
4.76,10.52,0.4,Unacem - Mina Cerro Lindo,Unacem,Mina Cerro Lindo,"{'t': '26 Apr 2022 23:59:47', 'v': 1651035587, 'y': -12.1914333333, 'x': -76.90744}","{'t': '27 Apr 2022 10:31:14', 'v': 1651073474, 'y': -13.0939166667, 'x': -75.9888233333}",242.0,10:31:27,4:45:22,23.0,87.0,55.0,4.39,1651035587,1651073474,2022-04-26 23:59:47,2022-04-27 10:31:14,-76.90744,-75.9888233333,-12.1914333333,-13.0939166667,BBC-924
3.74,9.44,0.39,Unacem - Mina Cerro Lindo,Unacem,Mina Cerro Lindo,"{'t': '28 Apr 2022 00:35:54', 'v': 1651124154, 'y': -12.1914183333, 'x': -76.9073716667}","{'t': '28 Apr 2022 10:02:21', 'v': 1651158141, 'y': -13.09392, 'x': -75.9888466667}",241.0,9:26:27,3:44:13,26.0,83.0,54.0,4.5,1651124154,1651158141,2022-04-28 00:35:54,2022-04-28 10:02:21,-76.9073716667,-75.9888466667,-12.1914183333,-13.09392,BBC-924
4.56,10.2,0.4,Unacem - Mina Cerro Lindo,Unacem,Mina Cerro Lindo,"{'t': '29 Apr 2022 00:16:44', 'v': 1651209404, 'y': -12.1913866667, 'x': -76.90741}","{'t': '29 Apr 2022 10:28:51', 'v': 1651246131, 'y': -13.0939533333, 'x': -75.9888383333}",241.0,10:12:07,4:33:21,24.0,85.0,55.0,4.39,1651209404,1651246131,2022-04-29 00:16:44,2022-04-29 10:28:51,-76.90741,-75.9888383333,-12.1913866667,-13.0939533333,BBC-924
6.44,12.67,0.36,Unacem - Mina Cerro Lindo,Unacem,Mina Cerro Lindo,"{'t': '29 Apr 2022 21:18:50', 'v': 1651285130, 'y': -12.191385, 'x': -76.90744}","{'t': '30 Apr 2022 09:58:50', 'v': 1651330730, 'y': -13.09392, 'x': -75.988655}",242.0,12:40:00,6:26:14,19.0,81.0,54.0,4.51,1651285130,1651330730,2022-04-29 21:18:50,2022-04-30 09:58:50,-76.90744,-75.988655,-12.191385,-13.09392,BBC-924
2.77,8.59,0.39,Cementos Inka - Mina Cerro Lindo,Cementos Inka,Mina Cerro Lindo,"{'t': '02 May 2022 01:34:04', 'v': 1651473244, 'y': -11.9922383333, 'x': -76.9020083333}","{'t': '02 May 2022 10:09:13', 'v': 1651504153, 'y': -13.0939383333, 'x': -75.9888916667}",272.0,8:35:09,2:46:10,32.0,81.0,55.0,4.93,1651473244,1651504153,2022-05-02 01:34:04,2022-05-02 10:09:13,-76.9020083333,-75.9888916667,-11.9922383333,-13.0939383333,BBC-924
4.99,10.79,0.39,Unacem - Mina Cerro Lindo,Unacem,Mina Cerro Lindo,"{'t': '02 May 2022 22:33:55', 'v': 1651548835, 'y': -12.191465, 'x': -76.90754}","{'t': '03 May 2022 09:21:21', 'v': 1651587681, 'y': -13.0938783333, 'x': -75.9886633333}",241.0,10:47:26,4:59:16,22.0,81.0,54.0,4.45,1651548835,1651587681,2022-05-02 22:33:55,2022-05-03 09:21:21,-76.90754,-75.9886633333,-12.191465,-13.0938783333,BBC-924
7.21,12.8,0.39,Unacem - Mina Cerro Lindo,Unacem,Mina Cerro Lindo,"{'t': '03 May 2022 21:29:47', 'v': 1651631387, 'y': -12.1915483333, 'x': -76.9075016667}","{'t': '04 May 2022 10:17:31', 'v': 1651677451, 'y': -13.0938, 'x': -75.98838}",242.0,12:47:44,7:12:22,19.0,81.0,53.0,4.58,1651631387,1651677451,2022-05-03 21:29:47,2022-05-04 10:17:31,-76.9075016667,-75.98838,-12.1915483333,-13.0938,BBC-924
4.55,10.29,0.38,Unacem - Mina Cerro Lindo,Unacem,Mina Cerro Lindo,"{'t': '05 May 2022 00:12:01', 'v': 1651727521, 'y': -12.1914683333, 'x': -76.9074016667}","{'t': '05 May 2022 10:29:36', 'v': 1651764576, 'y': -13.0939466667, 'x': -75.9888833333}",242.0,10:17:35,4:33:12,23.0,76.0,52.0,4.62,1651727521,1651764576,2022-05-05 00:12:01,2022-05-05 10:29:36,-76.9074016667,-75.9888833333,-12.1914683333,-13.0939466667,BBC-924
5.99,11.69,0.38,Unacem - Mina Cerro Lindo,Unacem,Mina Cerro Lindo,"{'t': '05 May 2022 22:48:18', 'v': 1651808898, 'y': -12.1914033333, 'x': -76.9074016667}","{'t': '06 May 2022 10:29:52', 'v': 1651850992, 'y': -13.0939166667, 'x': -75.98877}",241.0,11:41:34,5:59:14,21.0,80.0,53.0,4.58,1651808898,1651850992,2022-05-05 22:48:18,2022-05-06 10:29:52,-76.9074016667,-75.98877,-12.1914033333,-13.0939166667,BBC-924
5.25,11.09,0.39,Unacem - Mina Cerro Lindo,Unacem,Mina Cerro Lindo,"{'t': '06 May 2022 23:04:27', 'v': 1651896267, 'y': -12.1914016667, 'x': -76.9074483333}","{'t': '07 May 2022 10:09:58', 'v': 1651936198, 'y': -13.0938283333, 'x': -75.9884183333}",241.0,11:05:31,5:15:18,22.0,81.0,54.0,4.46,1651896267,1651936198,2022-05-06 23:04:27,2022-05-07 10:09:58,-76.9074483333,-75.9884183333,-12.1914016667,-13.0938283333,BBC-924
5.39,11.59,0.36,Cementos Inka - Mina Cerro Lindo,Cementos Inka,Mina Cerro Lindo,"{'t': '08 May 2022 22:58:32', 'v': 1652068712, 'y': -11.992235, 'x': -76.9020316667}","{'t': '09 May 2022 10:33:57', 'v': 1652110437, 'y': -13.09386, 'x': -75.98861}",272.0,11:35:25,5:23:15,24.0,89.0,54.0,5.04,1652068712,1652110437,2022-05-08 22:58:32,2022-05-09 10:33:57,-76.9020316667,-75.98861,-11.992235,-13.09386,BBC-924
5.39,11.52,0.43,Unacem - Mina Cerro Lindo,Unacem,Mina Cerro Lindo,"{'t': '10 Feb 2022 00:12:19', 'v': 1644469939, 'y': -12.1913866667, 'x': -76.9074483333}","{'t': '10 Feb 2022 11:43:22', 'v': 1644511402, 'y': -13.093985, 'x': -75.9888766667}",250.0,11:31:03,5:23:15,22.0,83.0,63.0,3.98,1644469939,1644511402,2022-02-10 00:12:19,2022-02-10 11:43:22,-76.9074483333,-75.9888766667,-12.1913866667,-13.093985,BBC-929
4.72,10.51,0.43,Unacem - Mina Cerro Lindo,Unacem,Mina Cerro Lindo,"{'t': '10 Feb 2022 23:17:19', 'v': 1644553039, 'y': -12.191415, 'x': -76.9074783333}","{'t': '11 Feb 2022 09:47:59', 'v': 1644590879, 'y': -13.0939916667, 'x': -75.9888766667}",241.0,10:30:40,4:43:10,23.0,80.0,59.0,4.06,1644553039,1644590879,2022-02-10 23:17:19,2022-02-11 09:47:59,-76.9074783333,-75.9888766667,-12.191415,-13.0939916667,BBC-929
7.14,13.15,0.41,Unacem - Mina Cerro Lindo,Unacem,Mina Cerro Lindo,"{'t': '11 Feb 2022 21:25:09', 'v': 1644632709, 'y': -12.1913983333, 'x': -76.907455}","{'t': '12 Feb 2022 10:33:52', 'v': 1644680032, 'y': -13.0939116667, 'x': -75.9887616667}",241.0,13:08:43,7:08:15,18.0,83.0,59.0,4.06,1644632709,1644680032,2022-02-11 21:25:09,2022-02-12 10:33:52,-76.907455,-75.9887616667,-12.1913983333,-13.0939116667,BBC-929
4.99,10.63,0.43,Unacem - Mina Cerro Lindo,Unacem,Mina Cerro Lindo,"{'t': '12 Feb 2022 23:37:47', 'v': 1644727067, 'y': -12.1914283333, 'x': -76.9075016667}","{'t': '13 Feb 2022 10:15:37', 'v': 1644765337, 'y': -13.0938666667, 'x': -75.98851}",241.0,10:37:50,4:59:08,23.0,80.0,59.0,4.1,1644727067,1644765337,2022-02-12 23:37:47,2022-02-13 10:15:37,-76.9075016667,-75.98851,-12.1914283333,-13.0938666667,BBC-929
6.49,12.73,0.4,Unacem - Mina Cerro Lindo,Unacem,Mina Cerro Lindo,"{'t': '14 Feb 2022 21:50:24', 'v': 1644893424, 'y': -12.1913916667, 'x': -76.90744}","{'t': '15 Feb 2022 10:33:59', 'v': 1644939239, 'y': -13.0939233333, 'x': -75.9887316667}",242.0,12:43:35,6:29:23,19.0,81.0,60.0,4.03,1644893424,1644939239,2022-02-14 21:50:24,2022-02-15 10:33:59,-76.90744,-75.9887316667,-12.1913916667,-13.0939233333,BBC-929
5.57,11.52,0.42,Unacem - Mina Cerro Lindo,Unacem,Mina Cerro Lindo,"{'t': '15 Feb 2022 22:56:51', 'v': 1644983811, 'y': -12.1913933333, 'x': -76.9074166667}","{'t': '16 Feb 2022 10:27:54', 'v': 1645025274, 'y': -13.093845, 'x': -75.9885483333}",242.0,11:31:03,5:34:06,21.0,84.0,60.0,4.06,1644983811,1645025274,2022-02-15 22:56:51,2022-02-16 10:27:54,-76.9074166667,-75.9885483333,-12.1913933333,-13.093845,BBC-929
7.97,12.77,0.51,Unacem - Mina Cerro Lindo,Unacem,Mina Cerro Lindo,"{'t': '16 Feb 2022 21:41:36', 'v': 1645065696, 'y': -12.1914966667, 'x': -76.9075166667}","{'t': '17 Feb 2022 10:27:40', 'v': 1645111660, 'y': -13.0938883333, 'x': -75.9887166667}",235.0,12:46:04,7:58:18,18.0,80.0,58.0,4.02,1645065696,1645111660,2022-02-16 21:41:36,2022-02-17 10:27:40,-76.9075166667,-75.9887166667,-12.1914966667,-13.0938883333,BBC-929
3.73,9.54,0.09,Unacem - Mina Cerro Lindo,Unacem,Mina Cerro Lindo,"{'t': '26 Feb 2022 00:02:28', 'v': 1645851748, 'y': -12.191405, 'x': -76.9073866667}","{'t': '26 Feb 2022 09:34:59', 'v': 1645886099, 'y': -13.093865, 'x': -75.9885333333}",241.0,9:32:31,3:43:40,25.0,87.0,11.88,20.27,1645851748,1645886099,2022-02-26 00:02:28,2022-02-26 09:34:59,-76.9073866667,-75.9885333333,-12.191405,-13.093865,BBC-929
2.08,7.87,0.42,Unacem - Mina Cerro Lindo,Unacem,Mina Cerro Lindo,"{'t': '01 Mar 2022 02:05:23', 'v': 1646118323, 'y': -12.1914033333, 'x': -76.9073866667}","{'t': '01 Mar 2022 09:57:32', 'v': 1646146652, 'y': -13.0939466667, 'x': -75.9888683333}",241.0,7:52:09,2:05:06,31.0,83.0,58.0,4.17,1646118323,1646146652,2022-03-01 02:05:23,2022-03-01 09:57:32,-76.9073866667,-75.9888683333,-12.1914033333,-13.0939466667,BBC-929
11.67,18.2,0.38,Unacem - Mina Cerro Lindo,Unacem,Mina Cerro Lindo,"{'t': '01 Mar 2022 19:58:16', 'v': 1646182696, 'y': -12.1914133333, 'x': -76.9074933333}","{'t': '02 Mar 2022 14:10:15', 'v': 1646248215, 'y': -13.0939466667, 'x': -75.9888466667}",241.0,18:11:59,11:40:09,13.0,84.0,60.0,4.04,1646182696,1646248215,2022-03-01 19:58:16,2022-03-02 14:10:15,-76.9074933333,-75.9888466667,-12.1914133333,-13.0939466667,BBC-929
7.34,13.21,0.41,Unacem - Mina Cerro Lindo,Unacem,Mina Cerro Lindo,"{'t': '05 Mar 2022 20:29:26', 'v': 1646530166, 'y': -12.1914466667, 'x': -76.90741}","{'t': '06 Mar 2022 09:42:12', 'v': 1646577732, 'y': -13.0938833333, 'x': -75.9888916667}",241.0,13:12:46,7:20:09,18.0,77.0,58.0,4.13,1646530166,1646577732,2022-03-05 20:29:26,2022-03-06 09:42:12,-76.90741,-75.9888916667,-12.1914466667,-13.0938833333,BBC-929
3.55,9.47,0.35,Unacem - Mina Cerro Lindo,Unacem,Mina Cerro Lindo,"{'t': '19 Apr 2022 04:05:23', 'v': 1650359123, 'y': -12.1913983333, 'x': -76.9075166667}","{'t': '19 Apr 2022 13:33:22', 'v': 1650393202, 'y': -13.0938233333, 'x': -75.9889216667}",241.0,9:27:59,3:33:10,25.0,82.0,49.83,4.84,1650359123,1650393202,2022-04-19 04:05:23,2022-04-19 13:33:22,-76.9075166667,-75.9889216667,-12.1913983333,-13.0938233333,BBC-929
3.97,9.73,0.36,Unacem - Mina Cerro Lindo,Unacem,Mina Cerro Lindo,"{'t': '21 Apr 2022 00:43:48', 'v': 1650519828, 'y': -12.1915066667, 'x': -76.9075166667}","{'t': '21 Apr 2022 10:27:29', 'v': 1650554849, 'y': -13.0939483333, 'x': -75.9888833333}",241.0,9:43:41,3:58:15,25.0,91.0,49.48,4.87,1650519828,1650554849,2022-04-21 00:43:48,2022-04-21 10:27:29,-76.9075166667,-75.9888833333,-12.1915066667,-13.0939483333,BBC-929
3.69,9.59,0.36,Unacem - Mina Cerro Lindo,Unacem,Mina Cerro Lindo,"{'t': '22 Apr 2022 00:10:58', 'v': 1650604258, 'y': -12.1914183333, 'x': -76.90738}","{'t': '22 Apr 2022 09:46:17', 'v': 1650638777, 'y': -13.0939383333, 'x': -75.9888916667}",241.0,9:35:19,3:41:17,25.0,80.0,50.0,4.78,1650604258,1650638777,2022-04-22 00:10:58,2022-04-22 09:46:17,-76.90738,-75.9888916667,-12.1914183333,-13.0939383333,BBC-929
3.37,9.1,0.38,Unacem - Mina Cerro Lindo,Unacem,Mina Cerro Lindo,"{'t': '23 Apr 2022 00:49:29', 'v': 1650692969, 'y': -12.19143, 'x': -76.9075466667}","{'t': '23 Apr 2022 09:55:30', 'v': 1650725730, 'y': -13.0938483333, 'x': -75.9887383333}",241.0,9:06:01,3:22:10,27.0,79.0,52.0,4.66,1650692969,1650725730,2022-04-23 00:49:29,2022-04-23 09:55:30,-76.9075466667,-75.9887383333,-12.19143,-13.0938483333,BBC-929
25.81,31.76,0.34,Unacem - Mina Cerro Lindo,Unacem,Mina Cerro Lindo,"{'t': '24 Apr 2022 02:20:24', 'v': 1650784824, 'y': -12.1913816667, 'x': -76.9074333333}","{'t': '25 Apr 2022 10:05:57', 'v': 1650899157, 'y': -13.0940383333, 'x': -75.9887466667}",242.0,1 days 7:45:33,1 days 1:48:25,8.0,87.0,48.34,5.0,1650784824,1650899157,2022-04-24 02:20:24,2022-04-25 10:05:57,-76.9074333333,-75.9887466667,-12.1913816667,-13.0940383333,BBC-929
4.39,10.24,0.36,Unacem - Mina Cerro Lindo,Unacem,Mina Cerro Lindo,"{'t': '25 Apr 2022 23:48:10', 'v': 1650948490, 'y': -12.191395, 'x': -76.9074483333}","{'t': '26 Apr 2022 10:02:46', 'v': 1650985366, 'y': -13.09387, 'x': -75.98861}",241.0,10:14:36,4:23:09,23.0,85.0,50.0,4.8,1650948490,1650985366,2022-04-25 23:48:10,2022-04-26 10:02:46,-76.9074483333,-75.98861,-12.191395,-13.09387,BBC-929
6.45,12.27,0.36,Unacem - Mina Cerro Lindo,Unacem,Mina Cerro Lindo,"{'t': '26 Apr 2022 21:25:22', 'v': 1651026322, 'y': -12.19141, 'x': -76.9074016667}","{'t': '27 Apr 2022 09:41:16', 'v': 1651070476, 'y': -13.093895, 'x': -75.9888083333}",241.0,12:15:54,6:27:15,20.0,86.0,50.0,4.81,1651026322,1651070476,2022-04-26 21:25:22,2022-04-27 09:41:16,-76.9074016667,-75.9888083333,-12.19141,-13.093895,BBC-929
3.95,9.78,0.36,Unacem - Mina Cerro Lindo,Unacem,Mina Cerro Lindo,"{'t': '28 Apr 2022 00:16:18', 'v': 1651122978, 'y': -12.1914883333, 'x': -76.9075316667}","{'t': '28 Apr 2022 10:03:08', 'v': 1651158188, 'y': -13.093885, 'x': -75.988755}",241.0,9:46:50,3:57:13,25.0,85.0,49.81,4.85,1651122978,1651158188,2022-04-28 00:16:18,2022-04-28 10:03:08,-76.9075316667,-75.988755,-12.1914883333,-13.093885,BBC-929
3.75,9.48,0.36,Unacem - Mina Cerro Lindo,Unacem,Mina Cerro Lindo,"{'t': '29 Apr 2022 01:00:35', 'v': 1651212035, 'y': -12.1914266667, 'x': -76.9074866667}","{'t': '29 Apr 2022 10:29:27', 'v': 1651246167, 'y': -13.093905, 'x': -75.9887083333}",241.0,9:28:52,3:45:10,25.0,85.0,49.53,4.87,1651212035,1651246167,2022-04-29 01:00:35,2022-04-29 10:29:27,-76.9074866667,-75.9887083333,-12.1914266667,-13.093905,BBC-929
4.35,10.1,0.34,Unacem - Mina Cerro Lindo,Unacem,Mina Cerro Lindo,"{'t': '29 Apr 2022 23:53:18', 'v': 1651294398, 'y': -12.191405, 'x': -76.90744}","{'t': '30 Apr 2022 09:59:30', 'v': 1651330770, 'y': -13.093925, 'x': -75.9888466667}",241.0,10:06:12,4:21:14,24.0,88.0,47.57,5.07,1651294398,1651330770,2022-04-29 23:53:18,2022-04-30 09:59:30,-76.90744,-75.9888466667,-12.191405,-13.093925,BBC-929
3.29,9.05,0.34,Unacem - Mina Cerro Lindo,Unacem,Mina Cerro Lindo,"{'t': '03 May 2022 00:42:06', 'v': 1651556526, 'y': -12.1913666667, 'x': -76.907455}","{'t': '03 May 2022 09:45:03', 'v': 1651589103, 'y': -13.0939716667, 'x': -75.9888766667}",241.0,9:02:57,3:17:13,27.0,86.0,47.15,5.11,1651556526,1651589103,2022-05-03 00:42:06,2022-05-03 09:45:03,-76.907455,-75.9888766667,-12.1913666667,-13.0939716667,BBC-929
7.72,13.44,0.33,Unacem - Mina Cerro Lindo,Unacem,Mina Cerro Lindo,"{'t': '03 May 2022 20:52:38', 'v': 1651629158, 'y': -12.1914216667, 'x': -76.9074483333}","{'t': '04 May 2022 10:19:06', 'v': 1651677546, 'y': -13.0937516667, 'x': -75.9882733333}",241.0,13:26:28,7:43:14,18.0,83.0,45.51,5.3,1651629158,1651677546,2022-05-03 20:52:38,2022-05-04 10:19:06,-76.9074483333,-75.9882733333,-12.1914216667,-13.0937516667,BBC-929
7.42,13.29,0.36,Unacem - Mina Cerro Lindo,Unacem,Mina Cerro Lindo,"{'t': '05 May 2022 21:13:09', 'v': 1651803189, 'y': -12.1913783333, 'x': -76.9075016667}","{'t': '06 May 2022 10:30:17', 'v': 1651851017, 'y': -13.0938233333, 'x': -75.9884266667}",241.0,13:17:08,7:25:03,18.0,91.0,50.0,4.79,1651803189,1651851017,2022-05-05 21:13:09,2022-05-06 10:30:17,-76.9075016667,-75.9884266667,-12.1913783333,-13.0938233333,BBC-929
5.87,12.02,0.36,Unacem - Mina Cerro Lindo,Unacem,Mina Cerro Lindo,"{'t': '06 May 2022 21:59:03', 'v': 1651892343, 'y': -12.1914083333, 'x': -76.907455}","{'t': '07 May 2022 10:00:08', 'v': 1651935608, 'y': -13.093935, 'x': -75.98877}",242.0,12:01:05,5:52:12,20.0,87.0,54.0,4.5,1651892343,1651935608,2022-05-06 21:59:03,2022-05-07 10:00:08,-76.907455,-75.98877,-12.1914083333,-13.093935,BBC-929
4.99,10.98,0.36,Unacem - Mina Cerro Lindo,Unacem,Mina Cerro Lindo,"{'t': '07 May 2022 23:11:57', 'v': 1651983117, 'y': -12.19143, 'x': -76.9074783333}","{'t': '08 May 2022 10:10:48', 'v': 1652022648, 'y': -13.0939616667, 'x': -75.9888083333}",242.0,10:58:51,4:59:14,22.0,87.0,52.0,4.6,1651983117,1652022648,2022-05-07 23:11:57,2022-05-08 10:10:48,-76.9074783333,-75.9888083333,-12.19143,-13.0939616667,BBC-929
